[Header],,,,
FileFormatVersion,2,,,
RunName,2024June04_222337NNX_NS2000_Marie_P589-1_10xGEM-X,,,
InstrumentPlatform,NextSeq1k2k,,,
IndexOrientation,Forward,,,
,,,,
[Reads],,,,
Read1Cycles,28,,,
Read2Cycles,90,,,
Index1Cycles,10,,,
Index2Cycles,10,,,
,,,,
[BCLConvert_Settings],,,,
SoftwareVersion,3.10.4,,,
NoLaneSplitting,FALSE,,,
FastqCompressionFormat,gzip,,,
,,,,
[BCLConvert_Data],,,,
Sample_ID,Index,Index2,,
lib100987_GEX,CCCGTTCTCG,GACGGATTGG,,
lib100988_TCR,TGTAGTCATT,CTTGATCGTA,,
lib100989_FB,ACTTGTTCGA,TGGATGGGTG,,
lib101208_GEX,TTGCCCGTGC,GCGTGAGATT,,
lib101209_TCR,TCCGGGACAA,GTGAATGCCA,,
lib101210_FB,AACCATTAGT,GTATGTCGGG,,
,,,,
[Cloud_Settings],,,,
GeneratedVersion,1.5.0.202212112316,,,
BsshApp,illumina-inc.basespace-dragen-analysis.1.3.0,,,
,,,,
[Cloud_Data],,,,
Sample_ID,ProjectName,LibraryName,SampleName,IndexAdapterKitName
lib100987_GEX,P589-1,lib100987_GEX_CCCGTTCTCG_GACGGATTGG,pool589-1_1,
lib100988_TCR,P589-1,lib100988_TCR_TGTAGTCATT_CTTGATCGTA,pool589-1_1,
lib100989_FB,P589-1,lib100989_FB_ACTTGTTCGA_TGGATGGGTG,pool589-1_1,
lib101208_GEX,P589-1,lib101208_GEX_TTGCCCGTGC_GCGTGAGATT,pool589-1_2,
lib101209_TCR,P589-1,lib101209_TCR_TCCGGGACAA_GTGAATGCCA,pool589-1_2,
lib101210_FB,P589-1,lib101210_FB_AACCATTAGT_GTATGTCGGG,pool589-1_2,
