id,name,read,pattern,sequence,feature_type
C0032,anti-human CD154,R2,5PNNNNNNNNNN(BC),GCTAGATAGATGCAA,Antibody Capture
C0355,anti-human CD137,R2,5PNNNNNNNNNN(BC),CAGTAAGTTCGGGAC,Antibody Capture
C0146,anti-human CD69,R2,5PNNNNNNNNNN(BC),GTCTCTTGGCTTAAA,Antibody Capture
C0390,anti-human CD127,R2,5PNNNNNNNNNN(BC),GTGTGTTGTCCTATG,Antibody Capture
C0085,anti-human CD25,R2,5PNNNNNNNNNN(BC),TTTGTCCTGTACGCC,Antibody Capture
C0063,anti-human CD45RA,R2,5PNNNNNNNNNN(BC),TCAATCCTTCCGCTT,Antibody Capture
C0087,anti-human CD45RO,R2,5PNNNNNNNNNN(BC),CTCCGAATCATGTTG,Antibody Capture
C0148,anti-human CCR7 ,R2,5PNNNNNNNNNN(BC),AGTTCAGTCAACCGA,Antibody Capture
C0090,"Mouse IgG1, _ isotype Ctrl",R2,5PNNNNNNNNNN(BC),GCCGGACGACATTAA,Antibody Capture
C0251,CerosalettiLab1464776_CD3CD28,R2,5PNNNNNNNNNN(BC),GTCAACTCTTTAGCG,Antibody Capture
C0252 ,CerosalettiLab1059994_CD3CD28,R2,5PNNNNNNNNNN(BC),TGATGGCCTATTGGG,Antibody Capture
C0253 ,CerosalettiLab942655_CD3CD28,R2,5PNNNNNNNNNN(BC),TTCCGCCTCTCTTTG,Antibody Capture
C0254,CerosalettiLab1464776_CEFX,R2,5PNNNNNNNNNN(BC),AGTAAGTTCAGCGTA,Antibody Capture
C0255,CerosalettiLab1059994_CEFX,R2,5PNNNNNNNNNN(BC),AAGTATCGTTTCGCA,Antibody Capture
C0256,CerosalettiLab942655_CEFX,R2,5PNNNNNNNNNN(BC),GGTTGCCAGATGTCA,Antibody Capture
C0257,CerosalettiLab1464776_Islet,R2,5PNNNNNNNNNN(BC),TGTCTTTCCTGCCAG,Antibody Capture
C0258,CerosalettiLab1059994_Islet,R2,5PNNNNNNNNNN(BC),CTCCTCTGCAATTAC,Antibody Capture
C0259,CerosalettiLab942655_Islet,R2,5PNNNNNNNNNN(BC),CAGTAGTCACGGTCA,Antibody Capture